{"cameraMode":{"drawMode":0,"name":"Shaded","section":"Shading Mode"},"sceneLighting":false,"audioPlay":false,"sceneViewState":{"showFog":false,"showMaterialUpdate":false,"showSkybox":false,"showFlares":true,"showImageEffects":true,"showParticleSystems":true},"in2DMode":false,"pivot":{"x":-1.0260000228881837,"y":1.0301896333694459,"z":-4.76837158203125e-7},"rotation":{"x":-0.06037945672869682,"y":0.8736720681190491,"z":-0.11226269602775574,"w":-0.46964097023010256},"size":0.7276746034622192,"orthographic":false}