{"cameraMode":{"drawMode":0,"name":"Shaded","section":"Shading Mode"},"sceneLighting":false,"audioPlay":false,"sceneViewState":{"showFog":false,"showMaterialUpdate":false,"showSkybox":true,"showFlares":true,"showImageEffects":true,"showParticleSystems":true},"in2DMode":false,"pivot":{"x":12.39844036102295,"y":1.4941349029541016,"z":15.61500072479248},"rotation":{"x":0.2977832555770874,"y":-0.49126744270324709,"z":0.1834915280342102,"w":0.7977726459503174},"size":9.725003242492676,"orthographic":false}